<?xml version="1.0" encoding="UTF-8"?>
<project-private xmlns="http://www.netbeans.org/ns/project-private/1">
    <editor-bookmarks xmlns="http://www.netbeans.org/ns/editor-bookmarks/2" lastBookmarkId="0"/>
    <open-files xmlns="http://www.netbeans.org/ns/projectui-open-files/2">
        <group>
            <file>file:/E:/ITP/ShipAndFlight/src/shipandflight/Home.java</file>
            <file>file:/E:/ITP/ShipAndFlight/src/shipandflight/Email.java</file>
            <file>file:/E:/ITP/ShipAndFlight/src/shipandflight/db.java</file>
            <file>file:/E:/ITP/ShipAndFlight/src/shipandflight/Loading_and_Unloading.java</file>
            <file>file:/E:/ITP/ShipAndFlight/src/shipandflight/View_Table.java</file>
            <file>file:/E:/ITP/ShipAndFlight/src/shipandflight/Report.java</file>
        </group>
    </open-files>
</project-private>
